{
  "players": [
    {
      "id": "1",
      "name": "Aadhya Srivastava",
      "phone": null
    },
    {
      "id": "2",
      "name": "Aashi Jha",
      "phone": null
    },
    {
      "id": "3",
      "name": "Anand",
      "phone": null
    },
    {
      "id": "4",
      "name": "Ananya Singh",
      "phone": null
    },
    {
      "id": "5",
      "name": "Aradhya Seal",
      "phone": null
    },
    {
      "id": "6",
      "name": "Bhaivab Mukherjee",
      "phone": null
    },
    {
      "id": "7",
      "name": "Cini Minod",
      "phone": null
    },
    {
      "id": "8",
      "name": "Dakshith Minod",
      "phone": null
    },
    {
      "id": "9",
      "name": "Divya R/Cini",
      "phone": null
    },
    {
      "id": "10",
      "name": "Divya Singh",
      "phone": null
    },
    {
      "id": "11",
      "name": "Divya Singh/Sinooba MK",
      "phone": null
    },
    {
      "id": "12",
      "name": "Divya Singh/Vignesh",
      "phone": null
    },
    {
      "id": "13",
      "name": "Divyanshi Sahu",
      "phone": null
    },
    {
      "id": "14",
      "name": "Hari Sulgekar",
      "phone": null
    },
    {
      "id": "15",
      "name": "Hari/Ramya",
      "phone": null
    },
    {
      "id": "16",
      "name": "Hari/Vinod",
      "phone": null
    },
    {
      "id": "17",
      "name": "Hariharaputhran",
      "phone": null
    },
    {
      "id": "18",
      "name": "Harsha Sethia",
      "phone": null
    },
    {
      "id": "19",
      "name": "Harshith. S",
      "phone": null
    },
    {
      "id": "20",
      "name": "K Aadhya",
      "phone": null
    },
    {
      "id": "21",
      "name": "K Anish Reddy",
      "phone": null
    },
    {
      "id": "22",
      "name": "Khushi S",
      "phone": null
    },
    {
      "id": "23",
      "name": "Mudit",
      "phone": null
    },
    {
      "id": "24",
      "name": "Naksh Purohit",
      "phone": null
    },
    {
      "id": "25",
      "name": "Nandita",
      "phone": null
    },
    {
      "id": "26",
      "name": "Nandita/Anand",
      "phone": null
    },
    {
      "id": "27",
      "name": "Neerav",
      "phone": null
    },
    {
      "id": "28",
      "name": "Nikhil GS",
      "phone": null
    },
    {
      "id": "29",
      "name": "Nikhil/Sinooba",
      "phone": null
    },
    {
      "id": "30",
      "name": "Parth",
      "phone": null
    },
    {
      "id": "31",
      "name": "Prabhu Prasad",
      "phone": null
    },
    {
      "id": "32",
      "name": "Prabhu/Anand",
      "phone": null
    },
    {
      "id": "33",
      "name": "Prabhu/Sonali",
      "phone": null
    },
    {
      "id": "34",
      "name": "Ramya",
      "phone": null
    },
    {
      "id": "35",
      "name": "Ramya/Sonali",
      "phone": null
    },
    {
      "id": "36",
      "name": "Rana",
      "phone": null
    },
    {
      "id": "37",
      "name": "Roel C Bino",
      "phone": null
    },
    {
      "id": "38",
      "name": "Shanvi singh",
      "phone": null
    },
    {
      "id": "39",
      "name": "Shaurya Upadhyay",
      "phone": null
    },
    {
      "id": "40",
      "name": "Shreyansh",
      "phone": null
    },
    {
      "id": "41",
      "name": "Sinooba MK",
      "phone": null
    },
    {
      "id": "42",
      "name": "Sonali",
      "phone": null
    },
    {
      "id": "43",
      "name": "Subir",
      "phone": null
    },
    {
      "id": "44",
      "name": "Subir/Divya R",
      "phone": null
    },
    {
      "id": "45",
      "name": "Subir/Nikhil",
      "phone": null
    },
    {
      "id": "46",
      "name": "Swayam",
      "phone": null
    },
    {
      "id": "47",
      "name": "Tanusha Hegde",
      "phone": null
    },
    {
      "id": "48",
      "name": "Trijal Shetty",
      "phone": null
    },
    {
      "id": "49",
      "name": "Vedansh Tejas",
      "phone": null
    },
    {
      "id": "50",
      "name": "Venkat Gumma",
      "phone": null
    },
    {
      "id": "51",
      "name": "Vignesh",
      "phone": null
    },
    {
      "id": "52",
      "name": "Vignesh/Hari S",
      "phone": null
    },
    {
      "id": "53",
      "name": "Vinod Krishnan",
      "phone": null
    },
    {
      "id": "54",
      "name": "Vinod/Cini",
      "phone": null
    }
  ],
  "matches": [
    {
      "id": "1",
      "day": "Saturday",
      "date": "2026-01-31",
      "time": "4:00 PM",
      "court": "Court 5",
      "category": "Kids Singles Boy",
      "stage": "Gr A (1-2)",
      "player1": "Bhaivab Mukherjee",
      "player2": "K Anish Reddy",
      "score": {
        "p1": 0,
        "p2": 0
      },
      "status": "SCHEDULED",
      "winner": null
    },
    {
      "id": "2",
      "day": "Saturday",
      "date": "2026-01-31",
      "time": "4:00 PM",
      "court": "Court 6",
      "category": "Kids Singles Boy",
      "stage": "Gr B (1-2)",
      "player1": "Trijal Shetty",
      "player2": "Rana",
      "score": {
        "p1": 0,
        "p2": 0
      },
      "status": "SCHEDULED",
      "winner": null
    },
    {
      "id": "3",
      "day": "Saturday",
      "date": "2026-01-31",
      "time": "4:15 PM",
      "court": "Court 5",
      "category": "Kids Singles Boy",
      "stage": "Gr C (1-2)",
      "player1": "Dakshith Minod",
      "player2": "Parth",
      "score": {
        "p1": 0,
        "p2": 0
      },
      "status": "SCHEDULED",
      "winner": null
    },
    {
      "id": "4",
      "day": "Saturday",
      "date": "2026-01-31",
      "time": "4:15 PM",
      "court": "Court 6",
      "category": "Kids Singles Boy",
      "stage": "Gr D (1-2)",
      "player1": "Harshith. S",
      "player2": "Mudit",
      "score": {
        "p1": 0,
        "p2": 0
      },
      "status": "SCHEDULED",
      "winner": null
    },
    {
      "id": "5",
      "day": "Saturday",
      "date": "2026-01-31",
      "time": "4:30 PM",
      "court": "Court 5",
      "category": "Kids Singles Boy",
      "stage": "Gr A (3-4)",
      "player1": "Vedansh Tejas",
      "player2": "Swayam",
      "score": {
        "p1": 0,
        "p2": 0
      },
      "status": "SCHEDULED",
      "winner": null
    },
    {
      "id": "6",
      "day": "Saturday",
      "date": "2026-01-31",
      "time": "4:30 PM",
      "court": "Court 6",
      "category": "Kids Singles Boy",
      "stage": "Gr B (3-4)",
      "player1": "Roel C Bino",
      "player2": "Neerav",
      "score": {
        "p1": 0,
        "p2": 0
      },
      "status": "SCHEDULED",
      "winner": null
    },
    {
      "id": "7",
      "day": "Saturday",
      "date": "2026-01-31",
      "time": "4:45 PM",
      "court": "Court 5",
      "category": "Kids Singles Boy",
      "stage": "Gr C (3-4)",
      "player1": "Shaurya Upadhyay",
      "player2": "Shreyansh",
      "score": {
        "p1": 0,
        "p2": 0
      },
      "status": "SCHEDULED",
      "winner": null
    },
    {
      "id": "8",
      "day": "Saturday",
      "date": "2026-01-31",
      "time": "4:45 PM",
      "court": "Court 6",
      "category": "Kids Singles Boy",
      "stage": "Gr D (2-3)",
      "player1": "Mudit",
      "player2": "Naksh Purohit",
      "score": {
        "p1": 0,
        "p2": 0
      },
      "status": "SCHEDULED",
      "winner": null
    },
    {
      "id": "9",
      "day": "Saturday",
      "date": "2026-01-31",
      "time": "5:00 PM",
      "court": "Court 5",
      "category": "Kids Singles Boy",
      "stage": "Gr A (2-3)",
      "player1": "K Anish Reddy",
      "player2": "Vedansh Tejas",
      "score": {
        "p1": 0,
        "p2": 0
      },
      "status": "SCHEDULED",
      "winner": null
    },
    {
      "id": "10",
      "day": "Saturday",
      "date": "2026-01-31",
      "time": "5:00 PM",
      "court": "Court 6",
      "category": "Kids Singles Boy",
      "stage": "Gr B (2-3)",
      "player1": "Rana",
      "player2": "Roel C Bino",
      "score": {
        "p1": 0,
        "p2": 0
      },
      "status": "SCHEDULED",
      "winner": null
    },
    {
      "id": "11",
      "day": "Saturday",
      "date": "2026-01-31",
      "time": "5:15 PM",
      "court": "Court 5",
      "category": "Kids Singles Boy",
      "stage": "Gr C (2-3)",
      "player1": "Parth",
      "player2": "Shaurya Upadhyay",
      "score": {
        "p1": 0,
        "p2": 0
      },
      "status": "SCHEDULED",
      "winner": null
    },
    {
      "id": "12",
      "day": "Saturday",
      "date": "2026-01-31",
      "time": "5:15 PM",
      "court": "Court 6",
      "category": "Kids Singles Boy",
      "stage": "Gr D (3-1)",
      "player1": "Naksh Purohit",
      "player2": "Harshith. S",
      "score": {
        "p1": 0,
        "p2": 0
      },
      "status": "SCHEDULED",
      "winner": null
    },
    {
      "id": "13",
      "day": "Saturday",
      "date": "2026-01-31",
      "time": "5:30 PM",
      "court": "Court 5",
      "category": "Kids Singles Boy",
      "stage": "Gr A (4-1)",
      "player1": "Swayam",
      "player2": "Bhaivab Mukherjee",
      "score": {
        "p1": 0,
        "p2": 0
      },
      "status": "SCHEDULED",
      "winner": null
    },
    {
      "id": "14",
      "day": "Saturday",
      "date": "2026-01-31",
      "time": "5:30 PM",
      "court": "Court 6",
      "category": "Kids Singles Boy",
      "stage": "Gr B (4-1)",
      "player1": "Neerav",
      "player2": "Trijal Shetty",
      "score": {
        "p1": 0,
        "p2": 0
      },
      "status": "SCHEDULED",
      "winner": null
    },
    {
      "id": "15",
      "day": "Saturday",
      "date": "2026-01-31",
      "time": "5:45 PM",
      "court": "Court 5",
      "category": "Kids Singles Boy",
      "stage": "Gr C (4-1)",
      "player1": "Shreyansh",
      "player2": "Dakshith Minod",
      "score": {
        "p1": 0,
        "p2": 0
      },
      "status": "SCHEDULED",
      "winner": null
    },
    {
      "id": "16",
      "day": "Saturday",
      "date": "2026-01-31",
      "time": "7:30 PM",
      "court": "Court 5",
      "category": "Kids Singles Boy",
      "stage": "Semi 1",
      "player1": "K Anish Reddy",
      "player2": "Trijal Shetty",
      "score": {
        "p1": 0,
        "p2": 0
      },
      "status": "SCHEDULED",
      "winner": null
    },
    {
      "id": "17",
      "day": "Saturday",
      "date": "2026-01-31",
      "time": "7:30 PM",
      "court": "Court 6",
      "category": "Kids Singles Boy",
      "stage": "Semi 2",
      "player1": "Dakshith Minod",
      "player2": "Harshith. S",
      "score": {
        "p1": 0,
        "p2": 0
      },
      "status": "SCHEDULED",
      "winner": null
    },
    {
      "id": "18",
      "day": "Saturday",
      "date": "2026-01-31",
      "time": "8:00 PM",
      "court": "Court 5",
      "category": "Kids Singles Boy",
      "stage": "Final",
      "player1": "K Anish Reddy",
      "player2": "Harshith. S",
      "score": {
        "p1": 0,
        "p2": 0
      },
      "status": "SCHEDULED",
      "winner": null
    },
    {
      "id": "19",
      "day": "Saturday",
      "date": "2026-01-31",
      "time": "4:00 PM",
      "court": "Court 7",
      "category": "Kids Singles Girl",
      "stage": "Gr A (1-2)",
      "player1": "Ananya Singh",
      "player2": "Aadhya Srivastava",
      "score": {
        "p1": 0,
        "p2": 0
      },
      "status": "SCHEDULED",
      "winner": null
    },
    {
      "id": "20",
      "day": "Saturday",
      "date": "2026-01-31",
      "time": "4:15 PM",
      "court": "Court 7",
      "category": "Kids Singles Girl",
      "stage": "Gr B (1-2)",
      "player1": "Divyanshi Sahu",
      "player2": "Aashi Jha",
      "score": {
        "p1": 0,
        "p2": 0
      },
      "status": "SCHEDULED",
      "winner": null
    },
    {
      "id": "21",
      "day": "Saturday",
      "date": "2026-01-31",
      "time": "4:30 PM",
      "court": "Court 7",
      "category": "Kids Singles Girl",
      "stage": "Gr A (3-4)",
      "player1": "Harsha Sethia",
      "player2": "K Aadhya",
      "score": {
        "p1": 0,
        "p2": 0
      },
      "status": "SCHEDULED",
      "winner": null
    },
    {
      "id": "22",
      "day": "Saturday",
      "date": "2026-01-31",
      "time": "4:45 PM",
      "court": "Court 7",
      "category": "Kids Singles Girl",
      "stage": "Gr B (3-4)",
      "player1": "Shanvi singh",
      "player2": "Khushi S",
      "score": {
        "p1": 0,
        "p2": 0
      },
      "status": "SCHEDULED",
      "winner": null
    },
    {
      "id": "23",
      "day": "Saturday",
      "date": "2026-01-31",
      "time": "5:00 PM",
      "court": "Court 7",
      "category": "Kids Singles Girl",
      "stage": "Gr A (5-1)",
      "player1": "Tanusha Hegde",
      "player2": "Ananya Singh",
      "score": {
        "p1": 0,
        "p2": 0
      },
      "status": "SCHEDULED",
      "winner": null
    },
    {
      "id": "24",
      "day": "Saturday",
      "date": "2026-01-31",
      "time": "5:15 PM",
      "court": "Court 7",
      "category": "Kids Singles Girl",
      "stage": "Gr B (5-1)",
      "player1": "Aradhya Seal",
      "player2": "Divyanshi Sahu",
      "score": {
        "p1": 0,
        "p2": 0
      },
      "status": "SCHEDULED",
      "winner": null
    },
    {
      "id": "25",
      "day": "Saturday",
      "date": "2026-01-31",
      "time": "5:30 PM",
      "court": "Court 7",
      "category": "Kids Singles Girl",
      "stage": "Gr A (2-3)",
      "player1": "Aadhya Srivastava",
      "player2": "Harsha Sethia",
      "score": {
        "p1": 0,
        "p2": 0
      },
      "status": "SCHEDULED",
      "winner": null
    },
    {
      "id": "26",
      "day": "Saturday",
      "date": "2026-01-31",
      "time": "5:45 PM",
      "court": "Court 7",
      "category": "Kids Singles Girl",
      "stage": "Gr B (2-3)",
      "player1": "Aashi Jha",
      "player2": "Shanvi singh",
      "score": {
        "p1": 0,
        "p2": 0
      },
      "status": "SCHEDULED",
      "winner": null
    },
    {
      "id": "27",
      "day": "Saturday",
      "date": "2026-01-31",
      "time": "6:00 PM",
      "court": "Court 7",
      "category": "Kids Singles Girl",
      "stage": "Gr A (4-5)",
      "player1": "K Aadhya",
      "player2": "Tanusha Hegde",
      "score": {
        "p1": 0,
        "p2": 0
      },
      "status": "SCHEDULED",
      "winner": null
    },
    {
      "id": "28",
      "day": "Saturday",
      "date": "2026-01-31",
      "time": "6:15 PM",
      "court": "Court 7",
      "category": "Kids Singles Girl",
      "stage": "Gr B (4-5)",
      "player1": "Khushi S",
      "player2": "Aradhya Seal",
      "score": {
        "p1": 0,
        "p2": 0
      },
      "status": "SCHEDULED",
      "winner": null
    },
    {
      "id": "29",
      "day": "Saturday",
      "date": "2026-01-31",
      "time": "7:30 PM",
      "court": "Court 7",
      "category": "Kids Singles Girl",
      "stage": "Semi 1",
      "player1": "Ananya Singh",
      "player2": "Aradhya Seal",
      "score": {
        "p1": 0,
        "p2": 0
      },
      "status": "SCHEDULED",
      "winner": null
    },
    {
      "id": "30",
      "day": "Saturday",
      "date": "2026-01-31",
      "time": "7:45 PM",
      "court": "Court 6",
      "category": "Kids Singles Girl",
      "stage": "Semi 2",
      "player1": "Divyanshi Sahu",
      "player2": "Aadhya Srivastava",
      "score": {
        "p1": 0,
        "p2": 0
      },
      "status": "SCHEDULED",
      "winner": null
    },
    {
      "id": "31",
      "day": "Saturday",
      "date": "2026-01-31",
      "time": "8:00 PM",
      "court": "Court 6",
      "category": "Kids Singles Girl",
      "stage": "Final",
      "player1": "Ananya Singh",
      "player2": "Aadhya Srivastava",
      "score": {
        "p1": 0,
        "p2": 0
      },
      "status": "SCHEDULED",
      "winner": null
    },
    {
      "id": "32",
      "day": "Sunday",
      "date": "2026-02-01",
      "time": "10:00 AM",
      "court": "Court 6",
      "category": "Mens Doubles",
      "stage": "Pool (1-2)",
      "player1": "Hari/Vinod",
      "player2": "Subir/Nikhil",
      "score": {
        "p1": 0,
        "p2": 0
      },
      "status": "SCHEDULED",
      "winner": null
    },
    {
      "id": "33",
      "day": "Sunday",
      "date": "2026-02-01",
      "time": "10:20 AM",
      "court": "Court 6",
      "category": "Mens Doubles",
      "stage": "Pool (3-4)",
      "player1": "Vignesh/Hari S",
      "player2": "Prabhu/Anand",
      "score": {
        "p1": 0,
        "p2": 0
      },
      "status": "SCHEDULED",
      "winner": null
    },
    {
      "id": "34",
      "day": "Sunday",
      "date": "2026-02-01",
      "time": "10:40 AM",
      "court": "Court 6",
      "category": "Mens Doubles",
      "stage": "Pool (4-1)",
      "player1": "Prabhu/Anand",
      "player2": "Hari/Vinod",
      "score": {
        "p1": 0,
        "p2": 0
      },
      "status": "SCHEDULED",
      "winner": null
    },
    {
      "id": "35",
      "day": "Sunday",
      "date": "2026-02-01",
      "time": "11:00 AM",
      "court": "Court 6",
      "category": "Mens Doubles",
      "stage": "Pool (2-3)",
      "player1": "Subir/Nikhil",
      "player2": "Vignesh/Hari S",
      "score": {
        "p1": 0,
        "p2": 0
      },
      "status": "SCHEDULED",
      "winner": null
    },
    {
      "id": "36",
      "day": "Sunday",
      "date": "2026-02-01",
      "time": "12:20 PM",
      "court": "Court 7",
      "category": "Mens Doubles",
      "stage": "Final",
      "player1": "Hari/Vinod",
      "player2": "Subir/Nikhil",
      "score": {
        "p1": 0,
        "p2": 0
      },
      "status": "SCHEDULED",
      "winner": null
    },
    {
      "id": "37",
      "day": "Saturday",
      "date": "2026-01-31",
      "time": "5:45 PM",
      "court": "Court 6",
      "category": "Mens Singles",
      "stage": "Gr A (1-2)",
      "player1": "Prabhu Prasad",
      "player2": "Venkat Gumma",
      "score": {
        "p1": 0,
        "p2": 0
      },
      "status": "SCHEDULED",
      "winner": null
    },
    {
      "id": "38",
      "day": "Saturday",
      "date": "2026-01-31",
      "time": "6:00 PM",
      "court": "Court 5",
      "category": "Mens Singles",
      "stage": "Gr B (1-2)",
      "player1": "Hariharaputhran",
      "player2": "Anand",
      "score": {
        "p1": 0,
        "p2": 0
      },
      "status": "SCHEDULED",
      "winner": null
    },
    {
      "id": "39",
      "day": "Saturday",
      "date": "2026-01-31",
      "time": "6:00 PM",
      "court": "Court 6",
      "category": "Mens Singles",
      "stage": "Gr A (3-4)",
      "player1": "Vignesh",
      "player2": "Hari Sulgekar",
      "score": {
        "p1": 0,
        "p2": 0
      },
      "status": "SCHEDULED",
      "winner": null
    },
    {
      "id": "40",
      "day": "Saturday",
      "date": "2026-01-31",
      "time": "6:15 PM",
      "court": "Court 5",
      "category": "Mens Singles",
      "stage": "Gr B (3-4)",
      "player1": "Subir",
      "player2": "Vinod Krishnan",
      "score": {
        "p1": 0,
        "p2": 0
      },
      "status": "SCHEDULED",
      "winner": null
    },
    {
      "id": "41",
      "day": "Saturday",
      "date": "2026-01-31",
      "time": "6:15 PM",
      "court": "Court 6",
      "category": "Mens Singles",
      "stage": "Gr A (4-1)",
      "player1": "Hari Sulgekar",
      "player2": "Prabhu Prasad",
      "score": {
        "p1": 0,
        "p2": 0
      },
      "status": "SCHEDULED",
      "winner": null
    },
    {
      "id": "42",
      "day": "Saturday",
      "date": "2026-01-31",
      "time": "6:30 PM",
      "court": "Court 5",
      "category": "Mens Singles",
      "stage": "Gr B (5-1)",
      "player1": "Nikhil GS",
      "player2": "Hariharaputhran",
      "score": {
        "p1": 0,
        "p2": 0
      },
      "status": "SCHEDULED",
      "winner": null
    },
    {
      "id": "43",
      "day": "Saturday",
      "date": "2026-01-31",
      "time": "6:30 PM",
      "court": "Court 6",
      "category": "Mens Singles",
      "stage": "Gr A (2-3)",
      "player1": "Venkat Gumma",
      "player2": "Vignesh",
      "score": {
        "p1": 0,
        "p2": 0
      },
      "status": "SCHEDULED",
      "winner": null
    },
    {
      "id": "44",
      "day": "Saturday",
      "date": "2026-01-31",
      "time": "6:45 PM",
      "court": "Court 5",
      "category": "Mens Singles",
      "stage": "Gr B (2-3)",
      "player1": "Anand",
      "player2": "Subir",
      "score": {
        "p1": 0,
        "p2": 0
      },
      "status": "SCHEDULED",
      "winner": null
    },
    {
      "id": "45",
      "day": "Saturday",
      "date": "2026-01-31",
      "time": "7:00 PM",
      "court": "Court 5",
      "category": "Mens Singles",
      "stage": "Gr B (4-5)",
      "player1": "Vinod Krishnan",
      "player2": "Nikhil GS",
      "score": {
        "p1": 0,
        "p2": 0
      },
      "status": "SCHEDULED",
      "winner": null
    },
    {
      "id": "46",
      "day": "Saturday",
      "date": "2026-01-31",
      "time": "7:45 PM",
      "court": "Court 5",
      "category": "Mens Singles",
      "stage": "Semi 1",
      "player1": "Prabhu Prasad",
      "player2": "Anand",
      "score": {
        "p1": 0,
        "p2": 0
      },
      "status": "SCHEDULED",
      "winner": null
    },
    {
      "id": "47",
      "day": "Saturday",
      "date": "2026-01-31",
      "time": "7:45 PM",
      "court": "Court 7",
      "category": "Mens Singles",
      "stage": "Semi 2",
      "player1": "Subir",
      "player2": "Venkat Gumma",
      "score": {
        "p1": 0,
        "p2": 0
      },
      "status": "SCHEDULED",
      "winner": null
    },
    {
      "id": "48",
      "day": "Sunday",
      "date": "2026-02-01",
      "time": "11:40 AM",
      "court": "Court 5",
      "category": "Mens Singles",
      "stage": "Final",
      "player1": "Prabhu Prasad",
      "player2": "Venkat Gumma",
      "score": {
        "p1": 0,
        "p2": 0
      },
      "status": "SCHEDULED",
      "winner": null
    },
    {
      "id": "49",
      "day": "Sunday",
      "date": "2026-02-01",
      "time": "11:00 AM",
      "court": "Court 7",
      "category": "Mixed Doubles",
      "stage": "Gr A (1-2)",
      "player1": "Hari/Ramya",
      "player2": "Divya Singh/Vignesh",
      "score": {
        "p1": 0,
        "p2": 0
      },
      "status": "SCHEDULED",
      "winner": null
    },
    {
      "id": "50",
      "day": "Sunday",
      "date": "2026-02-01",
      "time": "11:20 AM",
      "court": "Court 6",
      "category": "Mixed Doubles",
      "stage": "Gr B (1-2)",
      "player1": "Nikhil/Sinooba",
      "player2": "Subir/Divya R",
      "score": {
        "p1": 0,
        "p2": 0
      },
      "status": "SCHEDULED",
      "winner": null
    },
    {
      "id": "51",
      "day": "Sunday",
      "date": "2026-02-01",
      "time": "11:20 AM",
      "court": "Court 7",
      "category": "Mixed Doubles",
      "stage": "Gr A (2-3)",
      "player1": "Divya Singh/Vignesh",
      "player2": "Vinod/Cini",
      "score": {
        "p1": 0,
        "p2": 0
      },
      "status": "SCHEDULED",
      "winner": null
    },
    {
      "id": "52",
      "day": "Sunday",
      "date": "2026-02-01",
      "time": "11:40 AM",
      "court": "Court 6",
      "category": "Mixed Doubles",
      "stage": "Gr B (2-3)",
      "player1": "Subir/Divya R",
      "player2": "Nandita/Anand",
      "score": {
        "p1": 0,
        "p2": 0
      },
      "status": "SCHEDULED",
      "winner": null
    },
    {
      "id": "53",
      "day": "Sunday",
      "date": "2026-02-01",
      "time": "11:40 AM",
      "court": "Court 7",
      "category": "Mixed Doubles",
      "stage": "Gr A (3-4)",
      "player1": "Vinod/Cini",
      "player2": "Prabhu/Sonali",
      "score": {
        "p1": 0,
        "p2": 0
      },
      "status": "SCHEDULED",
      "winner": null
    },
    {
      "id": "54",
      "day": "Sunday",
      "date": "2026-02-01",
      "time": "12:00 PM",
      "court": "Court 6",
      "category": "Mixed Doubles",
      "stage": "Gr B (3-1)",
      "player1": "Nandita/Anand",
      "player2": "Nikhil/Sinooba",
      "score": {
        "p1": 0,
        "p2": 0
      },
      "status": "SCHEDULED",
      "winner": null
    },
    {
      "id": "55",
      "day": "Sunday",
      "date": "2026-02-01",
      "time": "12:00 PM",
      "court": "Court 7",
      "category": "Mixed Doubles",
      "stage": "Gr A (4-1)",
      "player1": "Prabhu/Sonali",
      "player2": "Hari/Ramya",
      "score": {
        "p1": 0,
        "p2": 0
      },
      "status": "SCHEDULED",
      "winner": null
    },
    {
      "id": "56",
      "day": "Sunday",
      "date": "2026-02-01",
      "time": "12:20 PM",
      "court": "Court 6",
      "category": "Mixed Doubles",
      "stage": "Final",
      "player1": "Hari/Ramya",
      "player2": "Vinod/Cini",
      "score": {
        "p1": 0,
        "p2": 0
      },
      "status": "SCHEDULED",
      "winner": null
    },
    {
      "id": "57",
      "day": "Sunday",
      "date": "2026-02-01",
      "time": "10:00 AM",
      "court": "Court 7",
      "category": "Womens Doubles",
      "stage": "Pool (1-2)",
      "player1": "Ramya/Sonali",
      "player2": "Divya Singh/Sinooba MK",
      "score": {
        "p1": 0,
        "p2": 0
      },
      "status": "SCHEDULED",
      "winner": null
    },
    {
      "id": "58",
      "day": "Sunday",
      "date": "2026-02-01",
      "time": "10:20 AM",
      "court": "Court 7",
      "category": "Womens Doubles",
      "stage": "Pool (2-3)",
      "player1": "Divya Singh/Sinooba MK",
      "player2": "Divya R/Cini",
      "score": {
        "p1": 0,
        "p2": 0
      },
      "status": "SCHEDULED",
      "winner": null
    },
    {
      "id": "59",
      "day": "Sunday",
      "date": "2026-02-01",
      "time": "10:40 AM",
      "court": "Court 7",
      "category": "Womens Doubles",
      "stage": "Pool (3-1)",
      "player1": "Divya R/Cini",
      "player2": "Ramya/Sonali",
      "score": {
        "p1": 0,
        "p2": 0
      },
      "status": "SCHEDULED",
      "winner": null
    },
    {
      "id": "60",
      "day": "Sunday",
      "date": "2026-02-01",
      "time": "12:20 PM",
      "court": "Court 5",
      "category": "Womens Doubles",
      "stage": "Final",
      "player1": "Divya Singh/Sinooba MK",
      "player2": "Ramya/Sonali",
      "score": {
        "p1": 0,
        "p2": 0
      },
      "status": "SCHEDULED",
      "winner": null
    },
    {
      "id": "61",
      "day": "Saturday",
      "date": "2026-01-31",
      "time": "6:30 PM",
      "court": "Court 7",
      "category": "Womens Singles",
      "stage": "Gr A (1-2)",
      "player1": "Divya Singh",
      "player2": "Ramya",
      "score": {
        "p1": 0,
        "p2": 0
      },
      "status": "SCHEDULED",
      "winner": null
    },
    {
      "id": "62",
      "day": "Saturday",
      "date": "2026-01-31",
      "time": "6:45 PM",
      "court": "Court 6",
      "category": "Womens Singles",
      "stage": "Gr B (1-2)",
      "player1": "Nandita",
      "player2": "Sonali",
      "score": {
        "p1": 0,
        "p2": 0
      },
      "status": "SCHEDULED",
      "winner": null
    },
    {
      "id": "63",
      "day": "Saturday",
      "date": "2026-01-31",
      "time": "6:45 PM",
      "court": "Court 7",
      "category": "Womens Singles",
      "stage": "Gr A (2-3)",
      "player1": "Ramya",
      "player2": "Sinooba MK",
      "score": {
        "p1": 0,
        "p2": 0
      },
      "status": "SCHEDULED",
      "winner": null
    },
    {
      "id": "64",
      "day": "Saturday",
      "date": "2026-01-31",
      "time": "7:00 PM",
      "court": "Court 6",
      "category": "Womens Singles",
      "stage": "Gr B (2-3)",
      "player1": "Sonali",
      "player2": "Cini Minod",
      "score": {
        "p1": 0,
        "p2": 0
      },
      "status": "SCHEDULED",
      "winner": null
    },
    {
      "id": "65",
      "day": "Saturday",
      "date": "2026-01-31",
      "time": "7:00 PM",
      "court": "Court 7",
      "category": "Womens Singles",
      "stage": "Gr A (3-1)",
      "player1": "Sinooba MK",
      "player2": "Divya Singh",
      "score": {
        "p1": 0,
        "p2": 0
      },
      "status": "SCHEDULED",
      "winner": null
    },
    {
      "id": "66",
      "day": "Saturday",
      "date": "2026-01-31",
      "time": "7:15 PM",
      "court": "Court 7",
      "category": "Womens Singles",
      "stage": "Gr B (3-1)",
      "player1": "Cini Minod",
      "player2": "Nandita",
      "score": {
        "p1": 0,
        "p2": 0
      },
      "status": "SCHEDULED",
      "winner": null
    },
    {
      "id": "67",
      "day": "Saturday",
      "date": "2026-01-31",
      "time": "8:15 PM",
      "court": "Court 5",
      "category": "Womens Singles",
      "stage": "Semi 1",
      "player1": "Divya Singh",
      "player2": "Sonali",
      "score": {
        "p1": 0,
        "p2": 0
      },
      "status": "SCHEDULED",
      "winner": null
    },
    {
      "id": "68",
      "day": "Saturday",
      "date": "2026-01-31",
      "time": "8:15 PM",
      "court": "Court 6",
      "category": "Womens Singles",
      "stage": "Semi 2",
      "player1": "Nandita",
      "player2": "Ramya",
      "score": {
        "p1": 0,
        "p2": 0
      },
      "status": "SCHEDULED",
      "winner": null
    },
    {
      "id": "69",
      "day": "Sunday",
      "date": "2026-02-01",
      "time": "12:00 PM",
      "court": "Court 5",
      "category": "Womens Singles",
      "stage": "Final",
      "player1": "Divya Singh",
      "player2": "Nandita",
      "score": {
        "p1": 0,
        "p2": 0
      },
      "status": "SCHEDULED",
      "winner": null
    }
  ],
  "categories": [
    "Kids Singles Boy",
    "Kids Singles Girl",
    "Mens Doubles",
    "Mens Singles",
    "Mixed Doubles",
    "Womens Doubles",
    "Womens Singles"
  ],
  "courts": [
    "Court 5",
    "Court 6",
    "Court 7"
  ]
}